{"stats":{"minecraft:killed":{"eeeabsmobs:nameless_guardian":1,"minecraft:cow":1},"minecraft:mined":{"minecraft:grass":4,"minecraft:grass_block":23,"minecraft:coarse_dirt":1,"minecraft:dirt":1,"alexsmobs:leafcutter_ant_chamber":1,"minecraft:fern":1},"minecraft:used":{"minecraft:redstone_torch":1,"cataclysm:ignis_spawn_egg":1,"minecraft:dirt":26,"alexscaves:spawn_egg_luxtructosaurus":1,"minecraft:iron_golem_spawn_egg":2,"alexscaves:nuclear_bomb":1,"eeeabsmobs:nameless_guardian_egg":2},"minecraft:dropped":{"minecraft:dirt":4,"minecraft:beef":1},"minecraft:custom":{"minecraft:time_since_rest":25558,"minecraft:crouch_one_cm":12,"minecraft:sprint_one_cm":39203,"minecraft:play_time":25558,"minecraft:damage_taken":90,"minecraft:walk_one_cm":48574,"minecraft:sneak_time":463,"minecraft:walk_under_water_one_cm":155,"minecraft:mob_kills":2,"minecraft:drop":2,"minecraft:jump":443,"minecraft:damage_dealt":7174,"minecraft:leave_game":1,"minecraft:walk_on_water_one_cm":36,"minecraft:time_since_death":25558,"minecraft:total_world_time":25558,"minecraft:climb_one_cm":268,"minecraft:damage_resisted":5365,"minecraft:swim_one_cm":936,"minecraft:fall_one_cm":13427,"minecraft:fly_one_cm":319203},"minecraft:picked_up":{"minecraft:leather":1,"minecraft:beef":4,"alexscaves:tectonic_shard":3,"eeeabsmobs:guardian_core":1,"minecraft:dirt":30,"minecraft:cobblestone":23}},"DataVersion":3465}