{"stats":{"minecraft:killed":{"naturalist:vulture":1,"minecraft:pillager":1},"minecraft:custom":{"minecraft:time_since_rest":16176,"minecraft:sprint_one_cm":40103,"minecraft:play_time":16176,"minecraft:walk_one_cm":23904,"minecraft:sneak_time":43,"minecraft:walk_under_water_one_cm":608,"minecraft:mob_kills":3,"minecraft:jump":450,"minecraft:damage_dealt":5083,"minecraft:leave_game":1,"minecraft:walk_on_water_one_cm":506,"minecraft:time_since_death":16176,"minecraft:total_world_time":16176,"minecraft:fly_one_cm":299660},"minecraft:used":{"cataclysm:ignis_spawn_egg":1,"naturalist:lion_spawn_egg":2,"minecraft:diamond_sword":4,"alexsmobs:spawn_egg_rhinoceros":1,"naturalist:bass_spawn_egg":1,"minecraft:grass_block":1,"minecraft:iron_golem_spawn_egg":1,"alexsmobs:spawn_egg_gazelle":1,"naturalist:boar_spawn_egg":1,"eeeabsmobs:nameless_guardian_egg":1,"eeeabsmobs:guardian_axe":17,"alexsmobs:spawn_egg_snow_leopard":1},"minecraft:picked_up":{"minecraft:feather":2,"minecraft:porkchop":2,"minecraft:sand":1}},"DataVersion":3465}