{"stats":{"minecraft:custom":{"minecraft:time_since_rest":39288,"minecraft:crouch_one_cm":82,"minecraft:sprint_one_cm":57095,"minecraft:play_time":39288,"minecraft:walk_one_cm":61902,"minecraft:sneak_time":1106,"minecraft:interact_with_anvil":5,"minecraft:mob_kills":7,"minecraft:jump":450,"minecraft:damage_dealt":29552,"minecraft:leave_game":2,"minecraft:walk_on_water_one_cm":1036,"minecraft:time_since_death":39288,"minecraft:total_world_time":39288,"minecraft:fly_one_cm":342524},"minecraft:picked_up":{"cataclysm:monstrous_horn":1,"cataclysm:infernal_forge":1,"minecraft:iron_ingot":13,"minecraft:poppy":2,"minecraft:cobblestone":15},"minecraft:used":{"rpgsmw:nephris_knife":303,"minecraft:damaged_anvil":1,"rpgsmw:nephris_battle_glove":2,"minecraft:iron_golem_spawn_egg":5,"bonfires:ash_bone_pile":1,"minecraft:stone":2,"minecraft:splash_potion":8,"cataclysm:netherite_monstrosity_spawn_egg":2},"minecraft:killed":{"minecraft:iron_golem":3,"alexsmobs:hummingbird":1,"cataclysm:netherite_monstrosity":2}},"DataVersion":3465}