{"stats":{"minecraft:custom":{"minecraft:jump":304,"minecraft:time_since_rest":27977,"minecraft:leave_game":1,"minecraft:damage_dealt":1965,"minecraft:sprint_one_cm":39493,"minecraft:play_time":27977,"minecraft:walk_on_water_one_cm":1036,"minecraft:time_since_death":27977,"minecraft:walk_one_cm":24866,"minecraft:sneak_time":1061,"minecraft:total_world_time":27977,"minecraft:interact_with_anvil":5,"minecraft:mob_kills":2,"minecraft:fly_one_cm":300821},"minecraft:used":{"rpgsmw:nephris_battle_glove":2,"bonfires:ash_bone_pile":1,"minecraft:iron_golem_spawn_egg":2,"rpgsmw:nephris_knife":23,"minecraft:damaged_anvil":1,"minecraft:stone":2},"minecraft:killed":{"alexsmobs:hummingbird":1}},"DataVersion":3465}