{"stats":{"minecraft:custom":{"minecraft:jump":565,"minecraft:time_since_rest":16468,"minecraft:damage_dealt":30,"minecraft:crouch_one_cm":1,"minecraft:sprint_one_cm":54216,"minecraft:play_time":16468,"minecraft:walk_on_water_one_cm":75,"minecraft:time_since_death":16468,"minecraft:walk_one_cm":10441,"minecraft:sneak_time":91,"minecraft:climb_one_cm":95,"minecraft:total_world_time":16468,"minecraft:fall_one_cm":209,"minecraft:fly_one_cm":539636},"minecraft:used":{"minecraft:light_gray_terracotta":1,"minecraft:smooth_sandstone":1,"minecraft:sand":1}},"DataVersion":3465}