{"stats":{"minecraft:used":{"alexsmobs:spawn_egg_gazelle":1,"naturalist:lion_spawn_egg":2,"naturalist:boar_spawn_egg":1,"alexsmobs:spawn_egg_rhinoceros":1,"naturalist:bass_spawn_egg":1,"alexsmobs:spawn_egg_snow_leopard":1,"minecraft:grass_block":1},"minecraft:picked_up":{"minecraft:porkchop":2},"minecraft:custom":{"minecraft:jump":423,"minecraft:time_since_rest":10970,"minecraft:leave_game":1,"minecraft:walk_on_water_one_cm":506,"minecraft:damage_dealt":367,"minecraft:sprint_one_cm":36692,"minecraft:play_time":10970,"minecraft:time_since_death":10970,"minecraft:walk_one_cm":10081,"minecraft:sneak_time":35,"minecraft:walk_under_water_one_cm":608,"minecraft:total_world_time":10970,"minecraft:mob_kills":1,"minecraft:fly_one_cm":295042}},"DataVersion":3465}