{"stats":{"minecraft:used":{"minecraft:oak_log":1},"minecraft:custom":{"minecraft:jump":1212,"minecraft:time_since_rest":36007,"minecraft:damage_dealt":108,"minecraft:crouch_one_cm":55,"minecraft:leave_game":1,"minecraft:play_time":36007,"minecraft:sprint_one_cm":103737,"minecraft:time_since_death":36007,"minecraft:walk_on_water_one_cm":1864,"minecraft:walk_one_cm":6726,"minecraft:sneak_time":1608,"minecraft:total_world_time":36007,"minecraft:walk_under_water_one_cm":485,"minecraft:fly_one_cm":1386407}},"DataVersion":3465}