{
  "create:root": {
    "criteria": {
      "0": "2024-06-23 01:24:47 +0000"
    },
    "done": true
  },
  "minecraft:recipes/decorations/crafting_table": {
    "criteria": {
      "unlock_right_away": "2024-06-23 01:24:47 +0000"
    },
    "done": true
  },
  "biomesoplenty:biomesoplenty/all_biomes": {
    "criteria": {
      "rocky_shrubland": "2024-06-23 01:28:19 +0000",
      "fungal_jungle": "2024-06-23 01:26:45 +0000",
      "highland": "2024-06-23 01:26:18 +0000",
      "jade_cliffs": "2024-06-23 01:25:58 +0000",
      "mystic_grove": "2024-06-23 01:26:42 +0000",
      "volcano": "2024-06-23 01:26:22 +0000",
      "grassland": "2024-06-23 01:26:43 +0000",
      "rainforest": "2024-06-23 01:26:31 +0000"
    },
    "done": false
  },
  "mowziesmobs:root": {
    "criteria": {
      "custom_test_name": "2024-06-23 01:24:47 +0000"
    },
    "done": true
  },
  "eeeabsmobs:eeeabsmobs/root": {
    "criteria": {
      "requirement": "2024-06-23 01:24:47 +0000"
    },
    "done": true
  },
  "cataclysm:root": {
    "criteria": {
      "custom_test_name": "2024-06-23 01:24:47 +0000"
    },
    "done": true
  },
  "rpgsmw:paladin_class": {
    "criteria": {
      "paladin_class_0": "2024-06-23 01:25:10 +0000"
    },
    "done": true
  },
  "dungeons_arise:wda_root": {
    "criteria": {
      "WDA": "2024-06-23 01:24:47 +0000"
    },
    "done": true
  },
  "biomesoplenty:biomesoplenty/root": {
    "criteria": {
      "jade_cliffs": "2024-06-23 01:25:58 +0000"
    },
    "done": true
  },
  "rpgsmw:choose_your_class": {
    "criteria": {
      "choose_your_class_0": "2024-06-23 01:24:47 +0000"
    },
    "done": true
  },
  "minecraft:adventure/adventuring_time": {
    "criteria": {
      "minecraft:dark_forest": "2024-06-23 01:27:37 +0000",
      "minecraft:river": "2024-06-23 01:25:15 +0000",
      "minecraft:stony_shore": "2024-06-23 01:28:30 +0000",
      "minecraft:desert": "2024-06-23 01:24:47 +0000",
      "minecraft:old_growth_birch_forest": "2024-06-23 01:27:54 +0000"
    },
    "done": false
  },
  "grimoireofgaia:main/root": {
    "criteria": {
      "join": "2024-06-23 01:24:47 +0000"
    },
    "done": true
  },
  "dungeons_arise:find_monasteries": {
    "criteria": {
      "location0": "2024-06-23 01:26:12 +0000"
    },
    "done": true
  },
  "DataVersion": 3465
}