{
  "create:root": {
    "criteria": {
      "0": "2024-06-24 00:06:42 +0000"
    },
    "done": true
  },
  "minecraft:recipes/decorations/crafting_table": {
    "criteria": {
      "unlock_right_away": "2024-06-24 00:06:42 +0000"
    },
    "done": true
  },
  "naturalist:recipes/food/cooked_egg": {
    "criteria": {
      "has_eggs": "2024-06-24 00:06:42 +0000"
    },
    "done": true
  },
  "alexscaves:alexscaves/root": {
    "criteria": {
      "underground_cabin": "2024-06-24 00:20:36 +0000"
    },
    "done": true
  },
  "mowziesmobs:root": {
    "criteria": {
      "custom_test_name": "2024-06-24 00:06:42 +0000"
    },
    "done": true
  },
  "call_of_yucutan:get_burnt_by_light": {
    "criteria": {
      "get_burnt_by_light_0": "2024-06-24 00:18:35 +0000"
    },
    "done": true
  },
  "dungeons_arise:wda_root": {
    "criteria": {
      "WDA": "2024-06-24 00:06:42 +0000"
    },
    "done": true
  },
  "biomesoplenty:biomesoplenty/root": {
    "criteria": {
      "cold_desert": "2024-06-24 00:06:42 +0000"
    },
    "done": true
  },
  "dungeonnowloading:story/labyrinth/find_labyrinth": {
    "criteria": {
      "find_labyrinth": "2024-06-24 00:14:41 +0000"
    },
    "done": true
  },
  "grimoireofgaia:main/root": {
    "criteria": {
      "join": "2024-06-24 00:06:42 +0000"
    },
    "done": true
  },
  "tombstone:adventure/root": {
    "criteria": {
      "auto": "2024-06-24 00:06:42 +0000"
    },
    "done": true
  },
  "biomesoplenty:biomesoplenty/all_biomes": {
    "criteria": {
      "cold_desert": "2024-06-24 00:06:42 +0000",
      "spider_nest": "2024-06-24 00:14:38 +0000",
      "tundra": "2024-06-24 00:13:30 +0000",
      "rainforest": "2024-06-24 00:19:49 +0000"
    },
    "done": false
  },
  "eeeabsmobs:eeeabsmobs/root": {
    "criteria": {
      "requirement": "2024-06-24 00:06:42 +0000"
    },
    "done": true
  },
  "cataclysm:root": {
    "criteria": {
      "custom_test_name": "2024-06-24 00:06:42 +0000"
    },
    "done": true
  },
  "rpgsmw:choose_your_class": {
    "criteria": {
      "choose_your_class_0": "2024-06-24 00:06:42 +0000"
    },
    "done": true
  },
  "minecraft:adventure/adventuring_time": {
    "criteria": {
      "minecraft:frozen_river": "2024-06-24 00:13:39 +0000",
      "minecraft:bamboo_jungle": "2024-06-24 00:16:05 +0000",
      "minecraft:sparse_jungle": "2024-06-24 00:17:10 +0000",
      "minecraft:river": "2024-06-24 00:20:51 +0000",
      "minecraft:stony_shore": "2024-06-24 00:12:44 +0000",
      "minecraft:lush_caves": "2024-06-24 00:16:34 +0000"
    },
    "done": false
  },
  "DataVersion": 3465
}