{
  "minecraft:recipes/building_blocks/stone_bricks": {
    "criteria": {
      "has_stone": "2024-06-24 00:22:34 +0000"
    },
    "done": true
  },
  "create:root": {
    "criteria": {
      "0": "2024-06-24 00:06:42 +0000"
    },
    "done": true
  },
  "minecraft:recipes/building_blocks/stone_bricks_from_stone_stonecutting": {
    "criteria": {
      "has_stone": "2024-06-24 00:22:34 +0000"
    },
    "done": true
  },
  "minecraft:recipes/building_blocks/stone_slab": {
    "criteria": {
      "has_stone": "2024-06-24 00:22:34 +0000"
    },
    "done": true
  },
  "minecraft:recipes/decorations/crafting_table": {
    "criteria": {
      "unlock_right_away": "2024-06-24 00:06:42 +0000"
    },
    "done": true
  },
  "minecraft:recipes/decorations/chest": {
    "criteria": {
      "has_lots_of_items": "2024-06-24 00:25:28 +0000"
    },
    "done": true
  },
  "naturalist:recipes/food/cooked_egg": {
    "criteria": {
      "has_eggs": "2024-06-24 00:06:42 +0000"
    },
    "done": true
  },
  "minecraft:recipes/building_blocks/stone_stairs_from_stone_stonecutting": {
    "criteria": {
      "has_stone": "2024-06-24 00:22:34 +0000"
    },
    "done": true
  },
  "alexscaves:alexscaves/root": {
    "criteria": {
      "underground_cabin": "2024-06-24 00:20:36 +0000"
    },
    "done": true
  },
  "mowziesmobs:root": {
    "criteria": {
      "custom_test_name": "2024-06-24 00:06:42 +0000"
    },
    "done": true
  },
  "minecraft:recipes/redstone/stone_button": {
    "criteria": {
      "has_stone": "2024-06-24 00:22:34 +0000"
    },
    "done": true
  },
  "minecraft:recipes/redstone/stone_pressure_plate": {
    "criteria": {
      "has_stone": "2024-06-24 00:22:34 +0000"
    },
    "done": true
  },
  "bonfires:recipes/combat/coiled_sword": {
    "criteria": {
      "has_ash_bone_pile": "2024-06-24 00:29:50 +0000"
    },
    "done": true
  },
  "call_of_yucutan:get_burnt_by_light": {
    "criteria": {
      "get_burnt_by_light_0": "2024-06-24 00:18:35 +0000"
    },
    "done": true
  },
  "bonfires:recipes/building_blocks/ash_bone_pile": {
    "criteria": {
      "has_the_recipe": "2024-06-24 00:25:43 +0000"
    },
    "done": true
  },
  "dungeons_arise:wda_root": {
    "criteria": {
      "WDA": "2024-06-24 00:06:42 +0000"
    },
    "done": true
  },
  "bonfires:recipes/misc/titanite_chunk": {
    "criteria": {
      "has_large_titanite_shard": "2024-06-24 00:30:07 +0000"
    },
    "done": true
  },
  "bonfires:recipes/misc/large_titanite_shard": {
    "criteria": {
      "has_titanite_shard": "2024-06-24 00:30:06 +0000"
    },
    "done": true
  },
  "biomesoplenty:biomesoplenty/root": {
    "criteria": {
      "cold_desert": "2024-06-24 00:06:42 +0000"
    },
    "done": true
  },
  "dungeonnowloading:story/labyrinth/find_labyrinth": {
    "criteria": {
      "find_labyrinth": "2024-06-24 00:14:41 +0000"
    },
    "done": true
  },
  "minecraft:adventure/root": {
    "criteria": {
      "killed_something": "2024-06-24 00:25:43 +0000"
    },
    "done": true
  },
  "grimoireofgaia:main/root": {
    "criteria": {
      "join": "2024-06-24 00:06:42 +0000"
    },
    "done": true
  },
  "tombstone:adventure/root": {
    "criteria": {
      "auto": "2024-06-24 00:06:42 +0000"
    },
    "done": true
  },
  "minecraft:recipes/building_blocks/stone_stairs": {
    "criteria": {
      "has_stone": "2024-06-24 00:22:34 +0000"
    },
    "done": true
  },
  "bonfires:recipes/misc/titanite_slab": {
    "criteria": {
      "has_titanite_chunk": "2024-06-24 00:30:08 +0000"
    },
    "done": true
  },
  "biomesoplenty:biomesoplenty/all_biomes": {
    "criteria": {
      "cold_desert": "2024-06-24 00:06:42 +0000",
      "spider_nest": "2024-06-24 00:14:38 +0000",
      "tundra": "2024-06-24 00:13:30 +0000",
      "rainforest": "2024-06-24 00:19:49 +0000"
    },
    "done": false
  },
  "bonfires:bonfires/ash_pile": {
    "criteria": {
      "killed_something_with_fire": "2024-06-24 00:25:43 +0000"
    },
    "done": true
  },
  "minecraft:recipes/decorations/stonecutter": {
    "criteria": {
      "has_stone": "2024-06-24 00:22:34 +0000"
    },
    "done": true
  },
  "bonfires:recipes/building_blocks/ash_block": {
    "criteria": {
      "has_the_recipe": "2024-06-24 00:25:43 +0000"
    },
    "done": true
  },
  "minecraft:recipes/building_blocks/smooth_stone": {
    "criteria": {
      "has_stone": "2024-06-24 00:22:34 +0000"
    },
    "done": true
  },
  "eeeabsmobs:eeeabsmobs/root": {
    "criteria": {
      "requirement": "2024-06-24 00:06:42 +0000"
    },
    "done": true
  },
  "bonfires:bonfires/bonfire_lit": {
    "criteria": {
      "lit": "2024-06-24 00:29:57 +0000"
    },
    "done": true
  },
  "cataclysm:root": {
    "criteria": {
      "custom_test_name": "2024-06-24 00:06:42 +0000"
    },
    "done": true
  },
  "minecraft:recipes/decorations/stone_brick_walls_from_stone_stonecutting": {
    "criteria": {
      "has_stone": "2024-06-24 00:22:34 +0000"
    },
    "done": true
  },
  "minecraft:recipes/building_blocks/stone_brick_slab_from_stone_stonecutting": {
    "criteria": {
      "has_stone": "2024-06-24 00:22:34 +0000"
    },
    "done": true
  },
  "minecraft:recipes/building_blocks/stone_brick_stairs_from_stone_stonecutting": {
    "criteria": {
      "has_stone": "2024-06-24 00:22:34 +0000"
    },
    "done": true
  },
  "minecraft:recipes/building_blocks/stone_slab_from_stone_stonecutting": {
    "criteria": {
      "has_stone": "2024-06-24 00:22:34 +0000"
    },
    "done": true
  },
  "rpgsmw:assassin_class": {
    "criteria": {
      "assassin_class_0": "2024-06-24 00:25:21 +0000"
    },
    "done": true
  },
  "minecraft:recipes/building_blocks/chiseled_stone_bricks_stone_from_stonecutting": {
    "criteria": {
      "has_stone": "2024-06-24 00:22:34 +0000"
    },
    "done": true
  },
  "rpgsmw:choose_your_class": {
    "criteria": {
      "choose_your_class_0": "2024-06-24 00:06:42 +0000"
    },
    "done": true
  },
  "minecraft:adventure/adventuring_time": {
    "criteria": {
      "minecraft:frozen_river": "2024-06-24 00:13:39 +0000",
      "minecraft:bamboo_jungle": "2024-06-24 00:16:05 +0000",
      "minecraft:sparse_jungle": "2024-06-24 00:17:10 +0000",
      "minecraft:river": "2024-06-24 00:20:51 +0000",
      "minecraft:stony_shore": "2024-06-24 00:12:44 +0000",
      "minecraft:lush_caves": "2024-06-24 00:16:34 +0000"
    },
    "done": false
  },
  "bonfires:bonfires/ash_bone_pile": {
    "criteria": {
      "ash_bone_pile": "2024-06-24 00:29:50 +0000"
    },
    "done": true
  },
  "DataVersion": 3465
}